"原名称,新名称,注：1、第一行固定不变、删除模板无效；",,
hhd800.com@pred00344_4K60fps.mp4,PRED-344.mp4,2、原名称一定要带后缀(如1.jpg)，新名称不限制
PRED-251.mp4,PRED-251.mp4,
hhd800.com@pred00262_4k.67b5jf4t.mp4,PRED-262.mp4,
hhd800.com@IPZZ-079.mp4,IPZZ-079.mp4,
IPX-219-字幕.mp4,IPX-219.mp4,
hhd800.com@pred00305hhb.mp4,PRED-305.mp4,
hhd800.com@pred00331hhb.mp4,PRED-331.mp4,
hhd800.com@pred00314hhb.mp4,PRED-314.mp4,
WANZ-917.mp4,WANZ-917.mp4,
PRED-402.mp4,PRED-402.mp4,
PRED-075.mp4,PRED-075.mp4,
PRED-239.mp4,PRED-239.mp4,
JUL-179.mp4,JUL-179.mp4,
PRED-162.mp4,PRED-162.mp4,
PRED-068.mp4,PRED-068.mp4,
PRED-271.mp4,PRED-271.mp4,
PRED-007.mp4,PRED-007.mp4,
PRED-213.mp4,PRED-213.mp4,
PRED-129.mp4,PRED-129.mp4,
PRED-057.mp4,PRED-057.mp4,
PRED-064.mp4,PRED-064.mp4,
PRED-444.mp4,PRED-444.mp4,
MIMK-068.mp4,MIMK-068.mp4,
PRED-437.mp4,PRED-437.mp4,
hhd800.com@pred00367hhb.mp4,PRED-367.mp4,
PRED-118.mp4,PRED-118.mp4,
PRED-285.mp4,PRED-285.mp4,
山岸逢花PRED-298.mp4,PRED-298.mp4,
PRED-042.mp4,PRED-042.mp4,
hhd800.com@pred00376hhb.mp4,PRED-376.mp4,
PRED-185.mp4,PRED-185.mp4,
PRED-256.mp4,PRED-256.mp4,
PRED-226.mp4,PRED-226.mp4,
PRED-505.mp4,PRED-505.mp4,
PRED-277.mp4,PRED-277.mp4,
PRED-246.mp4,PRED-246.mp4,
PRED-083.mp4,PRED-083.mp4,
PRED-462.mp4,PRED-462.mp4,
hhd800.com@pred00320hhb.mp4,PRED-320.mp4,
PRED-193.mp4,PRED-193.mp4,
PRED-153.mp4,PRED-153.mp4,
PRED-020.mp4,PRED-020.mp4,
PRED-147.mp4,PRED-147.mp4,
PRED-051.mp4,PRED-051.mp4,
PRED-140.mp4,PRED-140.mp4,
PRED-099.mp4,PRED-099.mp4,
PRED-427.mp4,PRED-427.mp4,
PRED-334.mp4,PRED-334.mp4,
hhd800.com@pred00351hhb.mp4,PRED-351.mp4,
PRED-485パ`ト妻のコンビニ不夫とのvSが冷めている私は寂しそうにしている店Lと都合のイイvSとしてひたすら、ヤリまくり、快Sに溺れることにした…山岸逢花.mp4,PRED-485.mp4,
PRED-467.mp4,PRED-467.mp4,
hhd800.com@pred00381hhb.mp4,PRED-381.mp4,
hhd800.com@pred00360hhb.mp4,PRED-360.mp4,
PRED-036.mp4,PRED-036.mp4,
PRED-456.mp4,PRED-456.mp4,
hhd800.com@pred00388hhb.mp4,PRED-388.mp4,
PRED-421.mp4,PRED-421.mp4,
PRED-133.mp4,PRED-133.mp4,
PRED-111.mp4,PRED-111.mp4,
PRED-200.mp4,PRED-200.mp4,
PRED-500おx父さん、そんなにく抱かれたら…若妻が~x父との中出しセックスに溺れた日々。山岸逢花.mp4,PRED-500.mp4,
PRED-172.mp4,PRED-172.mp4,
pred-409.mp4,PRED-409.mp4,
MEYD-651.mp4,MEYD-651.mp4,
hhd800.com@pred00395hhb.mp4,PRED-395.mp4,
hhd800.com@pred00291hhb.mp4,PRED-291.mp4,
PRED-178.mp4,PRED-178.mp4,
pred-477.mp4,PRED-477.mp4,
PRED-015.mp4,PRED-015.mp4,
PRED-029.mp4,PRED-029.mp4,
PRED-001.mp4,PRED-001.mp4,
PRED-124.mp4,PRED-124.mp4,
PRTD-017(prtd00017)[Premium]o`麻a斯SPECIAL?救出まで2rg、私は~にBめない?山岸逢花.mp4,PRTD-017.mp4,
PRED-221.mp4,PRED-221.mp4,
PRED-206.mp4,PRED-206.mp4,
PRED-233.mp4,PRED-233.mp4,
rebd-468.mp4,REBD-468.mp4,
